{"DNFN": [0.9344262295081968, 0.95, 0.9047619047619048, 0.95, 0.9500000000000001], "NN": [0.4449760765550239, 0.5166666666666667, 0.34831460674157305, 0.5166666666666667, 0.5166666666666667], "Ride NN": [0.46153846153846156, 0.5333333333333333, 0.36363636363636365, 0.5333333333333333, 0.5333333333333333]}