{"Bagging": [0.9338842975206612, 0.9495798319327731, 0.904, 0.9495798319327731, 0.9495798319327731], "GradientBoosting": [0.8751696065128901, 0.9033613445378151, 0.8237547892720306, 0.9033613445378151, 0.903361344537815], "stacking": [0.9016393442622951, 0.9243697478991597, 0.859375, 0.9243697478991597, 0.9243697478991597], "Voting": [0.8335570469798658, 0.8697478991596639, 0.7695167286245354, 0.8697478991596639, 0.8697478991596639], "WAE": [0.9611650485436893, 0.9705882352941176, 0.9428571428571428, 0.9705882352941176, 0.9705882352941176]}