{"DNFN": [0.5129151291512916, 0.5840336134453782, 0.4124629080118694, 0.5840336134453782, 0.5840336134453782], "NN": [0.4326923076923077, 0.5042016806722689, 0.33707865168539325, 0.5042016806722689, 0.5042016806722689], "Ride NN": [0.4534461910519952, 0.5252100840336135, 0.3561253561253561, 0.5252100840336135, 0.5252100840336135]}