{"Bagging": [0.5639097744360902, 0.5245901639344263, 0.5972222222222222, 0.5245901639344263, 0.5245901639344263], "GradientBoosting": [0.5515695067264573, 0.5081967213114754, 0.5879120879120879, 0.5081967213114754, 0.5081967213114754], "stacking": [0.5639097744360902, 0.5245901639344263, 0.5972222222222222, 0.5245901639344263, 0.5245901639344263], "Voting": [0.5639097744360902, 0.5245901639344263, 0.5972222222222222, 0.5245901639344263, 0.5245901639344263], "WAE": [0.5763993948562784, 0.5409836065573771, 0.6067415730337079, 0.5409836065573771, 0.5409836065573771]}