{"DNFN": [0.5273264401772526, 0.47540983606557374, 0.5698924731182795, 0.47540983606557374, 0.47540983606557374], "NN": [0.5273264401772526, 0.47540983606557374, 0.5698924731182795, 0.47540983606557374, 0.47540983606557374], "Ride NN": [0.5273264401772526, 0.47540983606557374, 0.5698924731182795, 0.47540983606557374, 0.47540983606557374]}