{"Bagging": [0.9344262295081968, 0.95, 0.9047619047619048, 0.95, 0.9500000000000001], "stacking": [0.9130434782608695, 0.9333333333333333, 0.875, 0.9333333333333333, 0.9333333333333333], "Voting": [0.9344262295081968, 0.95, 0.9047619047619048, 0.95, 0.9500000000000001], "WAE": [0.7894736842105263, 0.8333333333333334, 0.7142857142857143, 0.8333333333333334, 0.8333333333333334]}